rank,model_name,folder_name,reference_model,frames_compared,tp,fp,fn,precision,recall,f1,mean_bbox_iou,mean_mask_iou,mean_dice,class_agreement_rate,mean_abs_count_delta,mean_centroid_jitter,mean_mask_area_delta,empty_frame_fraction,mean_inference_ms,median_inference_ms,p95_inference_ms,effective_fps,meets_30hz_mean,meets_30hz_p95,score
1,yolo26m-seg,yolo26m-seg,yolo26x-seg,434,3435,114,468,0.9678782755705833,0.8800922367409685,0.9219001610305958,0.9759929595065633,0.9447671830100798,0.9707247502704296,1.0,0.3394919168591224,2.4407337996578806,1024.5416787685158,0.0,11.536871198156682,11.131049999999998,13.34681,86.67861353603188,True,True,0.8700296796563299
2,yolo26l-seg,yolo26l-seg,yolo26x-seg,1417,10227,237,2272,0.9773509174311926,0.8182254580366429,0.8907372730043984,0.9804496344871009,0.9449828291768732,0.9708398697650492,1.0,0.3213276836158192,4.04879940632923,1659.0083768601557,0.0,16.249111997177135,15.6484,19.31576,61.54182457316586,True,True,0.8460359167868
3,yolo26s-seg,yolo26s-seg,yolo26x-seg,1417,8904,953,3595,0.9033174393831794,0.7123769901592127,0.7965646806226516,0.9625173298422547,0.9384829692396884,0.9671066492624488,1.0,0.3679378531073446,9.256079722747955,2478.9966890897626,0.0,10.280682427664079,9.8748,12.041580000000002,97.2698074311799,True,True,0.7996361724570871
4,yolo26n-seg,yolo26n-seg,yolo26x-seg,1417,7141,1074,5358,0.8692635423006695,0.5713257060564845,0.6894853722120304,0.9404638033550331,0.9155578708160225,0.9535347690031893,1.0,0.4427966101694915,9.050807090199553,3335.589817299093,0.0,9.914802822865209,9.4586,12.47266,100.85929270260738,True,True,0.7482694845906581
