{
  "reference_model": "yolo26x-seg",
  "models": [
    {
      "model_name": "yolo26m-seg",
      "folder_name": "yolo26m-seg",
      "reference_model": "yolo26x-seg",
      "frames_compared": 434,
      "tp": 3435,
      "fp": 114,
      "fn": 468,
      "precision": 0.9678782755705833,
      "recall": 0.8800922367409685,
      "f1": 0.9219001610305958,
      "mean_bbox_iou": 0.9759929595065633,
      "mean_mask_iou": 0.9447671830100798,
      "mean_dice": 0.9707247502704296,
      "class_agreement_rate": 1.0,
      "mean_abs_count_delta": 0.3394919168591224,
      "mean_centroid_jitter": 2.4407337996578806,
      "mean_mask_area_delta": 1024.5416787685158,
      "empty_frame_fraction": 0.0,
      "mean_inference_ms": 11.536871198156682,
      "median_inference_ms": 11.131049999999998,
      "p95_inference_ms": 13.34681,
      "effective_fps": 86.67861353603188,
      "meets_30hz_mean": true,
      "meets_30hz_p95": true,
      "score": 0.8700296796563299,
      "rank": 1
    },
    {
      "model_name": "yolo26l-seg",
      "folder_name": "yolo26l-seg",
      "reference_model": "yolo26x-seg",
      "frames_compared": 1417,
      "tp": 10227,
      "fp": 237,
      "fn": 2272,
      "precision": 0.9773509174311926,
      "recall": 0.8182254580366429,
      "f1": 0.8907372730043984,
      "mean_bbox_iou": 0.9804496344871009,
      "mean_mask_iou": 0.9449828291768732,
      "mean_dice": 0.9708398697650492,
      "class_agreement_rate": 1.0,
      "mean_abs_count_delta": 0.3213276836158192,
      "mean_centroid_jitter": 4.04879940632923,
      "mean_mask_area_delta": 1659.0083768601557,
      "empty_frame_fraction": 0.0,
      "mean_inference_ms": 16.249111997177135,
      "median_inference_ms": 15.6484,
      "p95_inference_ms": 19.31576,
      "effective_fps": 61.54182457316586,
      "meets_30hz_mean": true,
      "meets_30hz_p95": true,
      "score": 0.8460359167868,
      "rank": 2
    },
    {
      "model_name": "yolo26s-seg",
      "folder_name": "yolo26s-seg",
      "reference_model": "yolo26x-seg",
      "frames_compared": 1417,
      "tp": 8904,
      "fp": 953,
      "fn": 3595,
      "precision": 0.9033174393831794,
      "recall": 0.7123769901592127,
      "f1": 0.7965646806226516,
      "mean_bbox_iou": 0.9625173298422547,
      "mean_mask_iou": 0.9384829692396884,
      "mean_dice": 0.9671066492624488,
      "class_agreement_rate": 1.0,
      "mean_abs_count_delta": 0.3679378531073446,
      "mean_centroid_jitter": 9.256079722747955,
      "mean_mask_area_delta": 2478.9966890897626,
      "empty_frame_fraction": 0.0,
      "mean_inference_ms": 10.280682427664079,
      "median_inference_ms": 9.8748,
      "p95_inference_ms": 12.041580000000002,
      "effective_fps": 97.2698074311799,
      "meets_30hz_mean": true,
      "meets_30hz_p95": true,
      "score": 0.7996361724570871,
      "rank": 3
    },
    {
      "model_name": "yolo26n-seg",
      "folder_name": "yolo26n-seg",
      "reference_model": "yolo26x-seg",
      "frames_compared": 1417,
      "tp": 7141,
      "fp": 1074,
      "fn": 5358,
      "precision": 0.8692635423006695,
      "recall": 0.5713257060564845,
      "f1": 0.6894853722120304,
      "mean_bbox_iou": 0.9404638033550331,
      "mean_mask_iou": 0.9155578708160225,
      "mean_dice": 0.9535347690031893,
      "class_agreement_rate": 1.0,
      "mean_abs_count_delta": 0.4427966101694915,
      "mean_centroid_jitter": 9.050807090199553,
      "mean_mask_area_delta": 3335.589817299093,
      "empty_frame_fraction": 0.0,
      "mean_inference_ms": 9.914802822865209,
      "median_inference_ms": 9.4586,
      "p95_inference_ms": 12.47266,
      "effective_fps": 100.85929270260738,
      "meets_30hz_mean": true,
      "meets_30hz_p95": true,
      "score": 0.7482694845906581,
      "rank": 4
    }
  ]
}